region,revenue
BENGALURU,5407725936.00
HYDERABAD,4239497617.00
MUMBAI,3145592826.00
"NEW DELHI",3006028960.00
CHENNAI,2534878004.00
pune,2060583919.00
KOLKATA,1223736504.00
GURUGRAM,1013981841.00
LUCKNOW,850491390.00
THANE,806309331.00
NOIDA,782596771.00
GHAZIABAD,705211398.00
Ahmedabad,658977999.00
"NAVI MUMBAI",642486713.00
bangalore,608699386.00
JAIPUR,517724245.00
PATNA,438075675.00
GUNTUR,430323044.00
FARIDABAD,430175315.00
BHUBANESWAR,409190202.00
VISAKHAPATNAM,370914248.00
COIMBATORE,338680833.00
NAGPUR,336084034.00
VADODARA,335453649.00
GUWAHATI,332242812.00
KANPUR,323373629.00
"GREATER NOIDA",318604746.00
DEHRADUN,309436834.00
"PIMPRI CHINCHWAD",305474550.00
SECUNDERABAD,291683496.00
JALANDHAR,271622473.00
THIRUVANANTHAPURAM,264678659.00
INDORE,260718571.00
RANCHI,237967392.00
BHOPAL,235418952.00
KALYAN,228918560.00
SURAT,214764518.00
VIJAYAWADA,204985660.00
ERNAKULAM,197129807.00
VARANASI,194679992.00
MANGALURU,194528698.00
MYSURU,189905383.00
NASHIK,189843146.00
Gurgaon,173166359.00
ALLAHABAD,161173586.00
CHANDIGARH,156271953.00
Mohali,155599626.00
Delhi,155416043.00
dimapur,150399058.00
JAMSHEDPUR,146048497.00
Agra,135955510.00
GORAKHPUR,134869725.00
"VASAI VIRAR",130919825.00
Nellore,130802945.00
Jammu,126140152.00
MEERUT,125772958.00
IMPHAL,121395285.00
"NEW TOWN",119312540.00
THRISSUR,118767500.00
KOCHI,114242479.00
CUTTACK,112407303.00
RAIPUR,106566857.00
UDAIPUR,102305761.00
JABALPUR,102207523.00
MADURAI,100558276.00
SRINAGAR,100384218.00
LUDHIANA,99746174.00
RAJKOT,97858646.00
ALIGARH,95644873.00
PALAKKAD,94395078.00
SHIMLA,93377174.00
JODHPUR,93286014.00
TIRUPATI,93080843.00
WARANGAL,92618281.00
PUDUCHERRY,90515991.00
BAREILLY,89719023.00
HOWRAH,89691955.00
KOZHIKODE,88649935.00
SILIGURI,87097920.00
"Port Blair",83529035.00
UDUPI,82988993.00
PANCHKULA,79855302.00
KOTTAYAM,78496559.00
Haldwani,77109063.00
VELLORE,74216956.00
GWALIOR,73974654.00
ZIRAKPUR,73082680.00
TIRUCHIRAPPALLI,72682211.00
AMRITSAR,71867793.00
Salem,71802297.00
AURANGABAD,69975734.00
KAKINADA,68445529.00
ANANTAPUR,67478107.00
BELAGAVI,65450460.00
HUBBALLI,64148344.00
Mahendragarh,64132562.00
DURGAPUR,63841492.00
BILASPUR,62407835.00
KOTA,61347349.00
KOLHAPUR,61243946.00
SOLAPUR,60554642.00
Rourkela,60367733.00
KARIMNAGAR,58437576.00
GANDHINAGAR,58340035.00
KOLLAM,58266250.00
JHANSI,58092817.00
"BOKARO STEEL CITY",57667359.00
KANNUR,57288000.00
LEH,56332267.00
"RAXAUL BAZAR",55581300.00
Pathanamthitta,55449194.00
SONIPAT,53781065.00
KURNOOL,52646651.00
BERHAMPUR,52309714.00
MUZAFFARPUR,52153456.00
DHANBAD,51532376.00
ALWAR,50614947.00
CHITTOOR,49915867.00
AGARTALA,49861210.00
RAJAHMUNDRY,49030059.00
DOMBIVLI,48266932.00
Hisar,48157256.00
SHILLONG,47104913.00
BHILAI,47039853.00
"BIDHAN NAGAR",47016722.00
AJMER,46500979.00
PATIALA,44982449.00
Vizianagaram,44122185.00
AMBARNATH,44087864.00
TUMAKURU,42800841.00
"VASCO DA GAMA",41790267.00
GAYA,40367726.00
MATHURA,39144298.00
VAPI,38580184.00
KARNAL,38346391.00
AMRAVATI,38305544.00
KALABURGI,38174546.00
MORADABAD,38000156.00
ASANSOL,37098119.00
BHAGALPUR,37054395.00
BURDWAN,36873125.00
ROHTAK,36859075.00
BARASAT,36830351.00
Bhiwandi,36334811.00
KANCHIPURAM,35503787.00
MARGAO,35470042.00
Panaji,35450344.00
GANGTOK,35201913.00
TIRUPPUR,35115400.00
Mandi,35094162.00
ERODE,35078710.00
HOSUR,34928819.00
BIKANER,34923869.00
KADAPA,34847580.00
DHARWAD,34755995.00
JALGAON,34694641.00
THANJAVUR,34395745.00
ONGOLE,34346621.00
KALAMASSERY,34300951.00
Tirunelveli,34233060.00
REWARI,34149730.00
AMBALA,34100598.00
ROORKEE,33586424.00
NIZAMABAD,33526866.00
"THANE west",33492074.00
DAVANAGERE,33454925.00
BADLAPUR,33066869.00
ITANAGAR,32326645.00
Alappuzha,31659983.00
SAHARANPUR,31571732.00
VILLUPURAM,31089558.00
HARIDWAR,30942795.00
BHARUCH,30833015.00
SILCHAR,30670950.00
JORHAT,30611204.00
NAGERCOIL,30600106.00
FAIZABAD,30513224.00
MALAPPURAM,30472722.00
AHMADNAGAR,30427295.00
PRODDATUR,30426943.00
PANIPAT,29870713.00
SHIVAMOGGA,29454086.00
BATHINDA,29351250.00
KANGRA,29285648.00
ELURU,29005840.00
THRIPPUNITHURA,28980218.00
"EAST DELHI",28830634.00
trivandrum,28471806.00
ujjain,28372052.00
DARBHANGA,28186094.00
MYSORE,28136244.00
Anand,28119193.00
Kakkanad,28075253.00
YAMUNANAGAR,27511101.00
CHANDRAPUR,27378723.00
PORVORIM,27220678.00
SHAHJAHANPUR,27122665.00
MADHUBANI,27099504.00
BIDAR,27057857.00
SATARA,26930501.00
JAMNAGAR,26830242.00
Prayagraj,26818507.00
HASSAN,26751975.00
"SOUTH WEST DELHI",26644859.00
REWA,26480412.00
"GAUTAM BUDDHA NAGAR",26195387.00
KHAMMAM,26000348.00
ORAI,25662387.00
"SANGLI MIRAJ KUPWAD",25489025.00
SATNA,25012539.00
Hamirpur,24813413.00
PITHORAGARH,24797168.00
AKOLA,24738273.00
RAIGARH,24661457.00
MUZAFFARNAGAR,24659862.00
TADPATRI,24467649.00
BETTIAH,24442612.00
NAMAKKAL,24204048.00
PUDUPAKKAM,24202665.00
SOLAN,24115744.00
TENKASI,24034846.00
BHILWARA,23989878.00
SAMBALPUR,23929213.00
SULTANPUR,23865385.00
SANGAREDDY,23735281.00
DIBRUGARH,23569243.00
AZAMGARH,23474680.00
BHIWADI,23331398.00
RISHIKESH,23263615.00
TEZPUR,23227541.00
YAVATMAL,23209781.00
MALDA,23042992.00
NAGAON,22942208.00
MADHURAWADA,22881667.00
Hazaribagh,22822839.00
THIRUVALLA,22803068.00
"RAE BARELI",22777727.00
KHARAGPUR,22464535.00
VIJAPURA,22382701.00
BHIMAVARAM,22296417.00
DURG,22178899.00
KATIHAR,22116082.00
"NANDIVARAM GUDUVANCHERI",22036983.00
CHIKKAMAGALURU,21839728.00
MANGALORE,21739644.00
Motihari,21629882.00
MAPUSA,21607204.00
VALSAD,21606593.00
BHAVNAGAR,21588059.00
"Greater Noida West",21561209.00
Srikakulam,21484767.00
AIZAWL,21421644.00
BAHADURGARH,21314857.00
KORBA,21188351.00
SIBSAGAR,21171206.00
PURNIA,21106125.00
BARGARH,21078863.00
TURA,20943992.00
SITAPUR,20828424.00
BALLY,20815898.00
"Kalyan West",20759327.00
"NANDED WAGHALA",20647675.00
LATUR,20578079.00
BALLIA,20539958.00
RAMPUR,20444788.00
DARJEELING,20433943.00
CHANGANACHERRY,20169116.00
KALADHUNGI,20147431.00
RAICHUR,19667113.00
SAGAR,19426260.00
BARABANKI,19382743.00
HOSKOTE,19366261.00
BARRACKPORE,19321207.00
RATNAGIRI,19222793.00
"TALEGAON DABHADE",19196613.00
"CHENNAI 600028",19003012.00
THODUPUZHA,18978908.00
UNNAO,18973086.00
NADIAD,18866104.00
JALPAIGURI,18807176.00
MANDYA,18725439.00
NALGONDA,18686567.00
KOTDWARA,18516780.00
Aluva,18336667.00
BHUJ,18259219.00
ADALAJ,18160200.00
NAHARLAGUN,18121561.00
THOUBAL,18066143.00
pathankot,17996023.00
SAMASTIPUR,17831498.00
KURUKSHETRA,17799143.00
MUVATTUPUZHA,17763952.00
Navsari,17704689.00
Ulhasnagar,17493774.00
"Dombivli east",17435921.00
KAMAREDDY,17378074.00
KARWAR,17352030.00
"UTTARPARA KOTRUNG",17221593.00
MEDINIPUR,17066551.00
MORBI,17007156.00
ALMORA,16976103.00
OTTAPPALAM,16902975.00
KENDUJHAR,16898346.00
GIRIDIH,16856419.00
SIWAN,16766533.00
SIROHI,16738835.00
GONDIYA,16578596.00
CHALAKUDY,16549959.00
"RAJPUR SONARPUR",16428339.00
KUNNATHUNAD,16397082.00
BULANDSHAHR,16370266.00
GONDA,16175713.00
Kasaragod,16081290.00
JALNA,16077992.00
TUMKUR,16066348.00
GUNTAKAL,15982807.00
AMBIKAPUR,15971455.00
GHAZIPUR,15956952.00
BERHAMPORE,15890629.00
LONI,15868553.00
SIKAR,15806986.00
"NORTH GOA",15777774.00
ARSIKERE,15760842.00
BARIPADA,15712307.00
Ponda,15674931.00
RUDRAPUR,15666717.00
BIJNOR,15661327.00
NAINITAL,15651802.00
ANAKAPALLE,15614059.00
SIRSI,15547039.00
Koraput,15494704.00
NAHAN,15244710.00
BHARATPUR,15214525.00
NARASARAOPET,15144065.00
VAISHALI,15134747.00
KARUR,15133203.00
DHARMAPURI,15087427.00
NAGAPATTINAM,15082125.00
"UPPER TADONG",15078989.00
PANIHATI,15049592.00
TINSUKIA,15023155.00
Pondicherry,15019109.00
TONK,15005061.00
ANKLESHWAR,15002977.00
ARAKONAM,14935820.00
DEORIA,14870372.00
SUNDARGARH,14849785.00
NADBAI,14822937.00
PUTTUR,14785357.00
NAMCHI,14714082.00
RAMAGUNDAM,14701378.00
Dombivali,14620025.00
Payyanur,14466209.00
KALIMPONG,14433035.00
Thiruchengode,14380835.00
THALASSERY,14364307.00
KANCHEEPURAM,14329524.00
LAKHIMPUR,14309326.00
PILIBHIT,14309263.00
SERAMPORE,14237944.00
DHENKANAL,14181398.00
PHAGWARA,14140122.00
MAHBUBNAGAR,14088016.00
Kothamangalam,13997564.00
ULLAL,13924163.00
BASTI,13908318.00
"GADAG BETIGERI",13869852.00
CHERTHALA,13796795.00
Palampur,13753285.00
GUNA,13751778.00
BUXAR,13691940.00
VIRUDHUNAGAR,13685070.00
"SRI GANGANAGAR",13618953.00
CHITRADURGA,13589255.00
ARRAH,13571502.00
"MAUNATH BHANJAN",13534281.00
WARDHA,13511433.00
BOLPUR,13470119.00
Khargone,13461672.00
DULIAJAN,13376266.00
DOHAD,13363751.00
SITAMARHI,13307948.00
CHAMBA,13257385.00
NANDYAL,13250136.00
Surendranagar,13219861.00
Mainpuri,13186035.00
BALESHWAR,13156008.00
COLVALE,13151607.00
Rajsamand,13151432.00
JAGDALPUR,13123227.00
SIDDIPET,13115243.00
CHHINDWARA,13032310.00
VARKALA,13032276.00
BALLARI,13011322.00
"Virar west",13008060.00
BALAGHAT,13004315.00
GURDASPUR,12989348.00
BHANDARA,12975624.00
Dindigul,12953041.00
"SOUTH GOA",12915381.00
IBRAHIMPATNAM,12895803.00
BEAWAR,12849030.00
PERUMBAVOOR,12842048.00
KATHUA,12770918.00
"UTTAR BAGDOGRA",12675533.00
Uttarkashi,12641939.00
UDHAMPUR,12583011.00
Banswara,12570912.00
KARAIKAL,12552350.00
MACHILIPATNAM,12516860.00
BANDA,12495905.00
,12486745.00
Bankura,12429898.00
MAHESANA,12376824.00
panvel,12364319.00
BOISAR,12322697.00
DIGBOI,12309423.00
KARKAL,12272357.00
"MURWARA KATNI",12243328.00
JAGTIAL,12205340.00
SHAHDOL,12045769.00
SOHNA,12022227.00
ARARIA,12020479.00
KOHIMA,11957306.00
TIRUVANNAMALAI,11930838.00
VISNAGAR,11920006.00
AHMEDNAGAR,11845022.00
VADAKARA,11827384.00
KENDRAPARA,11765586.00
BHIWANI,11739410.00
JUNAGADH,11727106.00
CHIRALA,11699469.00
"NORTH GUWAHATI",11686108.00
DHULE,11659707.00
AKBARPUR,11648563.00
OSMANABAD,11629562.00
"RAYAGADA RAYAGADA DISTRICT",11585704.00
BUNGAL,11532273.00
DAMOH,11505056.00
CHERANALLUR,11459274.00
SRIKALAHASTI,11431185.00
Kokrajhar,11401933.00
Kanjoor,11342852.00
ANUGUL,11332702.00
HOJAI,11324002.00
Kalyani,11297790.00
RANGPO,11291114.00
"Dombivli west",11290225.00
MANGALAGIRI,11284172.00
"RAJGARH CHURU DISTRICT",11252768.00
CURCHOREM,11237510.00
BEGUSARAI,11206437.00
JIND,11203575.00
SINGRAULI,11194277.00
CALANGUTE,11183448.00
TIRUVALLUR,11122681.00
HARDOI,11090228.00
MADANAPALLE,11059183.00
PURI,11046530.00
HIMMATNAGAR,11020320.00
ALANTHURAI,10981087.00
GOLAGHAT,10973073.00
MANCHERIAL,10914012.00
KULLU,10908454.00
SINGTAM,10853042.00
PALGHAR,10831137.00
KHANDWA,10776620.00
DEOBAND,10746232.00
Kharar,10740150.00
MEDAK,10706043.00
TIRUR,10627681.00
GANDHIDHAM,10609113.00
SANGLI,10539270.00
NAWADA,10502668.00
GUDUR,10496269.00
KULGAM,10459778.00
SULYA,10360214.00
BANTVAL,10263221.00
"VASAI west",10181731.00
GARHMUKTESHWAR,10164137.00
KALPETTA,10157261.00
ANTAH,10156400.00
NUZVID,10155942.00
MORENA,10145900.00
Chengalpattu,10136788.00
FATEHABAD,10132399.00
BURLA,10117467.00
PARAVUR,10102421.00
SILVASSA,10043606.00
Bhadrak,10032040.00
CHAPRA,10016159.00
HAJIPUR,10005898.00
SHIMOGA,9980909.00
DEOGHAR,9927097.00
KUMBAKONAM,9910268.00
NARNAUL,9910212.00
FARRUKHABAD,9909577.00
Manjeri,9903368.00
Perinthalmanna,9901355.00
Vasai,9888799.00
HOSAPETE,9857622.00
PALI,9812583.00
SATHUPALLY,9743158.00
QUEPEM,9733241.00
SUPAUL,9729516.00
THOOTHUKKUDI,9724508.00
HOSHIARPUR,9720901.00
"Imphal East",9709651.00
KARAD,9663121.00
NILAMBUR,9657172.00
"FATEHPUR FATEHPUR DISTRICT",9640389.00
RAJNANDGAON,9629644.00
KANNIYAKUMARI,9622722.00
DHARMSALA,9613371.00
BUDAUN,9605670.00
KANHANGAD,9571756.00
THIRUVALLUR,9566715.00
TENALI,9539384.00
ROBERTSGANJ,9538380.00
IRINJALAKUDA,9520592.00
Dungarpur,9496077.00
SANGRUR,9461686.00
INDIPUR,9451750.00
DIGRAS,9405420.00
Vyara,9396073.00
CHURU,9386381.00
ETTUMANOOR,9356855.00
PIRANGUT,9350792.00
"PILANI TOWN",9340716.00
"ANANDPUR SAHIB",9319119.00
HAPUR,9314120.00
JEHANABAD,9278703.00
SEONI,9247145.00
MADIKERI,9222318.00
Manipal,9158896.00
"BENGALURU 560037",9151016.00
BAHRAICH,9147568.00
ANAPARTHY,9080142.00
PALACOLE,9060137.00
NAGAUR,9033557.00
"NORTH DELHI",9027104.00
JORETHANG,9019142.00
RAMANATHAPURAM,8998521.00
CHENGANNUR,8953778.00
ETAWAH,8941762.00
"GUDALUR THE NILGIRIS DISTRICT",8936591.00
SARDARSHAHAR,8903754.00
VRINDAVAN,8885994.00
AMBUR,8884391.00
ANGAMALY,8874409.00
PALANPUR,8858787.00
KANKE,8849417.00
"NORTH 24 PARGANAS",8835515.00
Nanded,8832952.00
PORBANDAR,8804098.00
Vazhakkala,8778910.00
DHAMTARI,8771176.00
SEHORE,8755518.00
"CHANDI MANDIR",8729119.00
IDAR,8727410.00
"SOUTH DELHI",8669152.00
KAPURTHALA,8663955.00
MILAK,8662777.00
CONTAI,8653824.00
SRIPERUMBUDUR,8622289.00
BAGALKOT,8611563.00
Adoni,8601797.00
Banglore,8583135.00
shamli,8566026.00
PILERU,8565033.00
Jhajjar,8557613.00
"TALEGAON MIDC",8557403.00
KUMTA,8548863.00
KRISHNAGIRI,8536049.00
JATANI,8517512.00
JAUNPUR,8514835.00
CUDDALORE,8505611.00
MANESAR,8500694.00
Pandharpur,8472259.00
PILICODE,8468746.00
"PAONTA SAHIB",8455432.00
CHIDAMBARAM,8371259.00
Parbhani,8358747.00
LALITPUR,8348708.00
MAVELIKKARA,8344932.00
SATHYAMANGALAM,8337836.00
"Biswanath Chariali",8312691.00
BETUL,8277381.00
FIROZABAD,8272509.00
BARAMATI,8231827.00
NAVELIM,8175090.00
JAMUHAN,8143552.00
RATLAM,8126992.00
MIRYALAGUDA,8122970.00
tirupur,8118907.00
OOTY,8105703.00
GANJAM,8103562.00
"RAMGARH CANTONMENT CIVIL TOWNSHIP",8103437.00
MANDLA,8066009.00
KASHIPUR,8018834.00
CANACONA,7987975.00
KAITHAL,7934770.00
VENKATAGIRI,7890220.00
"THENI ALLINAGARAM",7856886.00
MODINAGAR,7849903.00
DHEMAJI,7848861.00
PALWAL,7835866.00
"NORTH WEST DELHI",7828291.00
DUMKA,7824675.00
NARASAPUR,7823766.00
"ORAGADAM INDUSTRIAL AREA",7804464.00
MANALI,7801548.00
SANGAMNER,7801496.00
DEVANAHALLI,7800257.00
CHAIBASA,7796503.00
UNA,7769591.00
CHHATARPUR,7758763.00
Neyveli,7754441.00
Lonavala,7752750.00
CHANDAUSI,7738206.00
DHARMAVARAM,7726875.00
"NTPC KANIHA TOWNSHIP",7722976.00
TADEPALLIGUDEM,7708986.00
NAJIBABAD,7686868.00
dwarka,7680039.00
"DEHRI ON SONE",7676416.00
Rishra,7668053.00
MAHABUBABAD,7666852.00
SIRSA,7657167.00
KAMBAM,7641522.00
PALAM,7634304.00
VIKASNAGAR,7595799.00
"GUDIVADA KRISHNA DISTRICT",7566759.00
PAURI,7554109.00
"Avinashi, Tirupur",7551113.00
MHOW,7530867.00
MUNGER,7524367.00
Trichy,7518018.00
UDMA,7514900.00
CHIRAWA,7494870.00
PALAI,7488706.00
Palani,7474943.00
BARDEZ,7469853.00
"MIRZAPUR CUM VINDHYACHAL",7463334.00
Hubli,7395536.00
"Mahadevapura, Bangalore",7382857.00
SURYAPET,7376178.00
PURULIYA,7358208.00
EDATHALA,7347405.00
ADAMPUR,7347060.00
KOLAR,7346505.00
KUSHINAGAR,7345313.00
FIROZPUR,7304631.00
JHARSUGUDA,7298031.00
MAVOOR,7293344.00
Kundapura,7291648.00
CALICUT,7260894.00
PILKHUWA,7257232.00
KUNNAMKULAM,7207177.00
Burhanpur,7193133.00
SAHARSA,7184159.00
Madhyamgram,7175107.00
"LEH ladakh",7165842.00
ICHALKARANJI,7160861.00
"BUDGE BUDGE",7139691.00
tirupathi,7127543.00
"BELA PRATAPGARH",7117389.00
ADOOR,7085620.00
JASHPURNAGAR,7072328.00
NAKODAR,7067864.00
TAKHATPUR,7052718.00
TUMSAR,7040511.00
HALDIA,7040186.00
BIHARSHARIF,7031920.00
VIRAJPETE,6980356.00
BHAWANIPATNA,6978640.00
"RUSHIKONDA APIIC",6957481.00
"Teh. Phagwara Distt. Kapurthala",6951963.00
TALIPARAMBA,6928771.00
DEWAS,6928171.00
JOGABANI,6926187.00
Shahdara,6921326.00
"DOMBIVALI EAST",6890499.00
FAROOQNAGAR,6874732.00
ACHAMPET,6874721.00
"Belthara Road",6853106.00
PALLICHAL,6851532.00
Edapally,6848527.00
MULBAGAL,6828182.00
TIRURANGADI,6822573.00
"FARIDPUR BAREILLY DISTRICT",6808470.00
HOSHANGABAD,6782848.00
PATAN,6748849.00
SUNDARNAGAR,6739167.00
KADUNGALLOOR,6732235.00
CHILAKALURIPET,6696120.00
Jagatsinghapur,6684622.00
AROOR,6665544.00
PALAMANER,6657832.00
MIRIK,6650705.00
KANJIRAPPALLY,6630803.00
BILIMORA,6616008.00
Ramnagar,6606104.00
"KARJAT RAIGARH DISTRICT",6587149.00
MADHEPURA,6582192.00
NALBARI,6576378.00
BINA,6574223.00
CHAMARAJANAGAR,6555356.00
"MAHINDRA WORLD CITY",6542065.00
"MUMBAI 400102",6532048.00
Angul,6525226.00
ROBERTSONPET,6510986.00
PUDUKKOTTAI,6503558.00
KHOPOLI,6492609.00
KHERI,6484573.00
Adilabad,6480650.00
"IMPHAL WEST",6473325.00
"VIJAY PORE",6459988.00
"KOCH BIHAR",6446736.00
MOGA,6438338.00
THAIKATTUSSERY,6426155.00
DAMAN,6425898.00
SIDLAGHATTA,6416797.00
Medchal,6415019.00
DHARUHERA,6411707.00
AMALAPURAM,6404052.00
KAYAMKULAM,6401306.00
CORBETT,6401203.00
FATEHGARH,6397502.00
RAJGIR,6393293.00
Thoothukudi,6391043.00
KARWI,6365749.00
"TIRUPATHUR VELLORE DISTRICT",6365688.00
Rahara,6346172.00
"SAWAI MADHOPUR",6338943.00
KARAIKKUDI,6329196.00
KOPPAL,6324525.00
BHUSAWAL,6319257.00
POTHREDDIPALLE,6256952.00
"Ranip,AHMEDABAD",6244563.00
"NASVADI chhotaudepur",6238092.00
BONGAIGAON,6221598.00
SHEVGAON,6212420.00
Balrampur,6194475.00
AMLA,6187765.00
RANGIA,6178872.00
KHUNTI,6168377.00
NAYAGARH,6156903.00
"Leimakhong Town",6156330.00
RAYADURG,6156022.00
"ABU ROAD",6148537.00
SAMBHAL,6129478.00
"COOCH BEHAR",6122957.00
RAWATBHATA,6108982.00
DHAMPUR,6102273.00
"CHITTUR THATHAMANGALAM",6086857.00
davangere,6083732.00
"Noida extension",6073914.00
"MUNDERA BAZAR",6066101.00
KOTHAGUDEM,6047592.00
Rohini,6016717.00
MAHAD,6014018.00
"BADLAPUR east",6001021.00
BICHOLIM,5995112.00
GODHRA,5952014.00
TARANAGAR,5949183.00
PROTHRAPUR,5945689.00
AMROHA,5941132.00
TANUKU,5935691.00
Chiplun,5907916.00
EDDUMAILARAM,5903733.00
MURADNAGAR,5899412.00
VADA,5892052.00
BARUIPUR,5876499.00
MADHAPAR,5864510.00
"Kanuvai, coimbatore",5855750.00
RAMGARH,5842868.00
"NORTH LAKHIMPUR",5835547.00
HATHRAS,5835263.00
RAYACHOTI,5832100.00
SILWANI,5821205.00
Secundrabad,5817867.00
UTEKHOL,5810524.00
MADUKKARAI,5797650.00
BHIMTAAL,5789134.00
BALURGHAT,5773241.00
ARA,5759333.00
DINANAGAR,5755795.00
Golabandha,5754435.00
BAGHPAT,5751715.00
Lalganj,5748710.00
DOIWALA,5742146.00
"WALUJ MIDC",5740645.00
Chandannagar,5734683.00
DHALIYUR,5729061.00
BAMBOOFLAT,5718211.00
"Karukachal, kottayam",5707569.00
BHUNTAR,5695520.00
"INDUSTRIAL PARK NAIDUPET",5656234.00
THIRUVARUR,5649380.00
"HSIIDC SOHNA",5620622.00
CHAMPAWAT,5617660.00
KAVALI,5613534.00
TINDIVANAM,5608437.00
POTTORE,5608260.00
MANNARGUDI,5594141.00
Mau,5589047.00
KARORAN,5588888.00
NURPUR,5587797.00
"EAST GODAVARI",5586037.00
BHADRAVATI,5584472.00
NANJANGUD,5582754.00
MAYILADUTHURAI,5573674.00
Kanekal,5566764.00
SEDAM,5547705.00
UNCHAHAR,5534181.00
NANDURBAR,5533158.00
NOWGONG,5527407.00
TIRWAGANJ,5525173.00
NEYYATTINKARA,5524244.00
Amethi,5486766.00
"VINDHYA NAGAR NTPC TOWNSHIP",5451609.00
Pulivendula,5423819.00
GUDIYATHAM,5416915.00
DABHOI,5416692.00
BAISINGA,5410276.00
"MANDVI KACHCHH DISTRICT",5402889.00
JAMMIKUNTA,5397956.00
SAWANTWADI,5396227.00
KHALILABAD,5394565.00
Edappally,5386661.00
BHADRA,5384953.00
BALLEPALLE,5383202.00
KHAILAR,5373303.00
Mandsaur,5359867.00
GARULIA,5353106.00
"RAJAPALAYAM VIRUDHUNAGAR DISTRICT",5349904.00
DANDELI,5348213.00
Idukki,5332836.00
PEDDAPALLE,5326729.00
"RAI INDUSTRIAL AREA",5317947.00
RANIKHET,5317232.00
JHALAWAR,5310616.00
Pollachi,5293882.00
TUNI,5292776.00
Coonoor,5283750.00
ATTUR,5275636.00
SASVAD,5274731.00
RAIGANJ,5274106.00
TALA,5269397.00
GURUVAYUR,5269227.00
SRIVILLIPUTHUR,5265349.00
Hanamkonda,5259744.00
KARIMGANJ,5241713.00
PULGAON,5241693.00
KAVERIPATTINAM,5233911.00
OZAR,5227220.00
Etah,5225144.00
MUDBIDRI,5220061.00
PATAUDI,5212723.00
MATTANNUR,5202109.00
PAKAUR,5201842.00
VERNA,5195881.00
RAJPURA,5195276.00
KALKA,5181111.00
"RIICO INDUSTRIAL AREA NEEMRANA",5177440.00
MANANTHAVADY,5177313.00
MUDIGERE,5160979.00
BYASANAGAR,5155972.00
KHURJA,5155430.00
Raisen,5151840.00
DALTONGANJ,5147362.00
BAMBOLIM,5140013.00
KATRA,5136631.00
"Ambala Cantt",5126287.00
RANIGANJ,5114941.00
PINARAYI,5105869.00
Sonbhadra,5100093.00
GODDA,5097440.00
AVANIGADDA,5092255.00
JANGAREDDIGUDEM,5085862.00
Auraiya,5080620.00
BAPATLA,5069887.00
DUMRAON,5068944.00
Pathanapuram,5065269.00
"GOA VELHA",5064981.00
ICHAPUR,5061297.00
Krishnanagar,5060681.00
BADVEL,5059831.00
MARALIA,5044547.00
KADIRUR,5040679.00
JUGAULI,5030727.00
GONDAL,5027451.00
AMBEJOGAI,4991242.00
PIPILI,4979996.00
SAKOLI,4979305.00
SHRIRAMPUR,4973725.00
KHORDHA,4970471.00
Along,4933990.00
BHATKAL,4931086.00
KUMARAPALAYAM,4924710.00
JAISALMER,4922394.00
CHERUTHAZHAM,4921639.00
LAKHISARAI,4915269.00
ARERAJ,4910603.00
"Bangalore Rural",4908737.00
"KALYAN east",4897021.00
Maraimalainagar,4894363.00
MARKAPUR,4886626.00
GOPESHWAR,4879146.00
Kodad,4871951.00
MUSSOORIE,4868089.00
CHITTAURGARH,4849722.00
KONNAGAR,4837836.00
SAHIBGANJ,4831774.00
RANIPETTAI,4821213.00
SANQUELIM,4790841.00
NABADWIP,4789105.00
BERMO,4787954.00
BANGAON,4782832.00
Cochin,4779146.00
DAHANU,4778187.00
"BALODA BAZAR",4769246.00
KESINGA,4768522.00
GAURIBIDANUR,4761277.00
MADDUR,4761207.00
BALLARPUR,4756397.00
SIDHI,4740244.00
KODUNGALLUR,4733124.00
HINDAUN,4729154.00
GURZALA,4723726.00
SHIVPURI,4703560.00
BEGOWAL,4703295.00
DHUBRI,4701311.00
BALANGIR,4695491.00
ALATHUR,4694305.00
Vikarabad,4693478.00
KANKER,4664510.00
GOPALGANJ,4659437.00
GANGAWATI,4658085.00
CHITTORGARH,4642163.00
"DERA BASSI INDUSTRIAL AREA",4606627.00
"Mira road",4600266.00
Bhatapara,4594993.00
BHACHAU,4593427.00
ELAMPALLOOR,4589545.00
KHORDA,4572070.00
"NALLUR KANNIYAKUMARI DISTRICT",4570440.00
JAMUI,4570399.00
GOHANA,4570341.00
TEZU,4563879.00
NARASIMHANAICKENPALAYAM,4560303.00
BADDI,4553290.00
TANDUR,4550611.00
BHADRACHALAM,4547543.00
SUJANPUR,4545975.00
HODAL,4541815.00
GUMLA,4532117.00
Kumarakom,4531564.00
DAHI,4531490.00
"SHAHAPUR THANE DISTRICT",4529135.00
ANJUNA,4525499.00
PARVATHIPURAM,4516177.00
PARDI,4514210.00
Bhimadole,4512835.00
ISLAMPUR,4505383.00
kompally,4505055.00
"Bihta Patna District",4484349.00
CHUNAR,4468916.00
KOLAZHY,4464754.00
GUNDLUPET,4463558.00
Bellary,4459200.00
TARANTARAN,4453530.00
SATTUR,4451661.00
BELGAUM,4444481.00
NIMBAHERA,4430667.00
MULGUND,4428288.00
Katol,4409425.00
MAJHIHARA,4402764.00
TARIKERE,4399449.00
"Jajpur road",4398893.00
SUNABEDA,4394106.00
JAJAPUR,4390273.00
HAVERI,4387174.00
PADRAUNA,4384497.00
KHAJURAHO,4376520.00
"KHAIRA BARi",4376487.00
BHOWALI,4376180.00
KAPADVANJ,4367038.00
PALLIKKUNNU,4364101.00
BHADOHI,4360409.00
Kishangarh,4350633.00
"Old Goa",4344990.00
SIRSHA,4336279.00
THURAIYUR,4333538.00
KHANNA,4331336.00
Anantnag,4331055.00
JAYGAON,4327518.00
ALLUR,4326672.00
DIU,4326567.00
